{
  "metadata": { "version": "v7.0-axcore-cpp", "architecture": "Z^3 flat arena + radix heap scheduler + emergent probes" },
  "axioms": { "dim_space": 3, "dim_causal": 4, "n_directed": 9, "n_trace": 1 },
  "derived_constants": {
    "alpha": 0.2, "beta": 1.8, "chi_arrow": 0.25,
    "Omega_min": 0.5, "Omega_max": 0.85, "E_max": 0.666666666666667,
    "c0": 0.05, "L_max": 3.285, "L_rest": 0.1030625,
    "gamma_max": 31.8738629472408, "alpha_PP": 702.628349000451,
    "N_bit_eq": 1452997909,
    "A_FPM": 4.03901634120356e-05, "n_s": 0.968626331811263, "r_tensor": 0.00348596313208185,
    "ell_D": 1309.5687839896, "dt_univ": 1.15186069646589e-23, "dx_univ": 3.45319149467101e-15,
    "G_FPM": 6.68034009060519e-11, "calib": 80
  },
  "calibration": {
    "G_FPM_rel_err_pct": 0.0904977391665314,
    "n_s_rel_err_pct": 0.375785679923666,
    "ell_D_in_range": true,
    "gamma_above_cern_muon": true,
    "N_bit_eq_exact_integer": 1452997909,
    "N_bit_eq_continuous_approx": 1452999999.9073,
    "rounding_leak_relative": 1.43902773646421e-06
  },
  "lattice": { "size": [8,8,4],
    "total_daemons": 256,
    "active": 222, "halted": 34,
    "adjacency": "6-face Z^3 periodic",
    "scheduler_events_processed": 41
  },
  "emergent_probes": {
    "born": { "mean_tv": 8.02009101805334e-10, "max_tv": 1.32811210640238e-09, "verdict": "PASS" },
    "bell": { "S_local": 2, "S_qm": 2.82842722273318, "S_torsion": 2.82842722273318, "S_joint": 2.82842722521771, "tsirelson": 2.82842712474619, "verdict": "PASS" },
    "fine_structure": { "one_over_alpha_bare": 136.805610371373, "rel_diff_from_macro": 0.00168122766402566, "verdict": "PASS_BARE_COUPLING" },
    "gravity": { "r": [1,2,3,4,5,6,7], "v_emergent_kms": [48172.1522806861,48870.6127731938,48734.7551036596,49269.9133314978,49181.890768214,48690.0912260057,49053.1319492115], "L_mean": [0.64139463859938,0.632227804181997,0.633990262942859,0.627104009595905,0.628226359743652,0.634571828161261,0.629875381547817] },
    "time_dilation": { "gamma_near": 4.69194635350166, "gamma_far": 4.67075891772863, "tick_ratio": 0.993220338983051, "ticks_near": 295, "ticks_far": 293 }
  },
  "trajectory": { "t": [0,5.011001,10.501024,16.721705,21.391551,25.95141,30.688231,35.203341,39.852431,44.625314,49.39252,54.061544,58.735833,63.349975,67.908104,72.751637,77.549068,82.167552,86.765572,91.702152,96.571219,101.46259,106.761967,111.647328,116.633572,121.583207,126.748111,131.945106,136.995451,141.89897,147.198905,152.236825,157.473205,162.354525,167.566019,172.72603,177.714813,183.165685,188.377151,193.721591,198.822692], "total_E": [90.6597905658229,83.9280181212805,76.1075766406942,73.5789478505905,70.9189761345489,69.9522257270194,68.3398245148252,66.838696710856,66.1192568579863,64.822335778391,63.9384626632842,62.9314600312197,62.1478506696985,61.5742207902179,60.9930435975291,60.4562988628829,59.600945573627,58.8785264074098,57.7395649005057,56.9572991046599,56.0115937492143,55.2794011625469,54.9155804772125,54.4505664508673,53.8812523347571,53.4250835567892,52.687876694873,52.3687591383373,51.6047919403355,51.4651477129535,50.760023959888,50.6047170355283,50.1711937858694,49.6559932236818,49.5794030981258,49.2187498673615,49.0423347691051,48.7152098703679,47.8677336722952,47.65950644343,47.1952049123455], "mean_L": [0.625343124958677,0.578310095287778,0.622064241001782,0.686858411174833,0.655593128148615,0.664426515976283,0.670888807145429,0.657676547480006,0.63336164005039,0.646431277410941,0.654249558581966,0.647584704027306,0.652681248707112,0.640960229143821,0.653693492345681,0.672661512111234,0.64901579609903,0.667219350040491,0.652281248642841,0.667600177255216,0.664843340968622,0.686779349142644,0.671679746290968,0.652509904891399,0.673741586128278,0.662610886728744,0.667745926713326,0.674152660306941,0.643213990506991,0.668860718979467,0.658911828449641,0.68311335344313,0.675405957275454,0.666032549351919,0.685035907120295,0.670780806984835,0.655728244472973,0.67517227577093,0.665542102555088,0.667225268402829,0.689206327613984], "mean_Omega": [0.575117800581215,0.580890397142395,0.586959057750799,0.596085475212901,0.595876773758276,0.601293567041724,0.602759710953341,0.601921505134296,0.600230353694633,0.603394596752176,0.602943312047285,0.604430331112121,0.6044717448337,0.60459419398157,0.605633403654656,0.60575325706704,0.604684416869787,0.609737997662358,0.607296847221242,0.608535941699638,0.610277456175498,0.613340628459523,0.611824298240656,0.610947411148074,0.612869725175935,0.611538824547092,0.61287720960796,0.612996602505738,0.610429046083664,0.612292327724768,0.614673126249443,0.618013433914891,0.616995588730653,0.617565927620046,0.619923097002948,0.617598194955471,0.616548466859616,0.617873217963656,0.617966842386329,0.617583478252096,0.623926263922823], "active_fraction": [1,1,0.91015625,0.9296875,0.93359375,0.95703125,0.96484375,0.9453125,0.94140625,0.95703125,0.9375,0.94140625,0.90234375,0.92578125,0.91796875,0.90625,0.8984375,0.921875,0.88671875,0.8984375,0.890625,0.90625,0.91015625,0.89453125,0.890625,0.88671875,0.86328125,0.85546875,0.85546875,0.8515625,0.875,0.8828125,0.87890625,0.88671875,0.89453125,0.87890625,0.8671875,0.87890625,0.8671875,0.859375,0.890625] }
}
